{
  "checkpoint": "../models/pi05_base/converted_realtime_vla.pkl",
  "implementations": [
    "base",
    "flash"
  ],
  "num_views": 3,
  "chunk_size": 50,
  "num_cases": 3,
  "cases": [
    {
      "name": "case_0",
      "prompt": "pick up the object",
      "state_dim": 32,
      "state_min": 0,
      "state_max": 31,
      "prompt_len": 101,
      "image_shape": [
        3,
        224,
        224,
        3
      ],
      "noise_shape": [
        50,
        32
      ]
    },
    {
      "name": "case_1",
      "prompt": "pick up the object; keep the wrist cameras aligned with the object",
      "state_dim": 32,
      "state_min": 17,
      "state_max": 48,
      "prompt_len": 120,
      "image_shape": [
        3,
        224,
        224,
        3
      ],
      "noise_shape": [
        50,
        32
      ]
    },
    {
      "name": "case_2",
      "prompt": "move the red block to the left side of the tray and return to neutral",
      "state_dim": 32,
      "state_min": 34,
      "state_max": 65,
      "prompt_len": 122,
      "image_shape": [
        3,
        224,
        224,
        3
      ],
      "noise_shape": [
        50,
        32
      ]
    }
  ],
  "max_prompt_len": 122,
  "warmup": 20,
  "iterations": 200,
  "discrete_state_input": true,
  "fake_tokenizer": false,
  "tokenizer_path": "../models/tokenizers/google-paligemma-3b-pt-224",
  "cuda_device": "NVIDIA A100-SXM4-80GB",
  "results": {
    "base": {
      "ok": true,
      "init_ms": 3242.305908203125,
      "output_shape": [
        50,
        32
      ],
      "output_dtype": "torch.bfloat16",
      "output_device": "cuda:0",
      "output_finite": true,
      "output_min": -1.2109375,
      "output_max": 0.423828125,
      "output_mean": -0.40542951226234436,
      "latency_ms": {
        "min": 47.53007888793945,
        "p50": 47.785728454589844,
        "mean": 47.815761184692384,
        "p90": 47.96901664733887,
        "p95": 48.04526348114014,
        "p99": 48.291903495788574,
        "max": 50.465118408203125,
        "stdev": 0.23498033606927476
      },
      "latency_ms_by_case": {
        "case_0": {
          "min": 47.53007888793945,
          "p50": 47.73139190673828,
          "mean": 47.75532702545622,
          "p90": 47.92961883544922,
          "p95": 47.947533035278326,
          "p99": 48.07810386657715,
          "max": 48.158592224121094,
          "stdev": 0.13347763776539595
        },
        "case_1": {
          "min": 47.588897705078125,
          "p50": 47.81612777709961,
          "mean": 47.83357426657606,
          "p90": 48.032690429687506,
          "p95": 48.072766876220705,
          "p99": 48.213201446533205,
          "max": 48.339393615722656,
          "stdev": 0.1463427025837459
        },
        "case_2": {
          "min": 47.614654541015625,
          "p50": 47.80409622192383,
          "mean": 47.859028035944156,
          "p90": 47.99375915527344,
          "p95": 48.05877494812012,
          "p99": 49.0522169113159,
          "max": 50.465118408203125,
          "stdev": 0.3510221780621266
        }
      },
      "cuda_peak_allocated_bytes": 8020887040
    },
    "flash": {
      "ok": true,
      "init_ms": 2926.939453125,
      "output_shape": [
        50,
        32
      ],
      "output_dtype": "torch.bfloat16",
      "output_device": "cuda:0",
      "output_finite": true,
      "output_min": -1.2109375,
      "output_max": 0.427734375,
      "output_mean": -0.40555015206336975,
      "latency_ms": {
        "min": 46.84553527832031,
        "p50": 47.12433624267578,
        "mean": 47.112157325744626,
        "p90": 47.29807052612305,
        "p95": 47.333116149902345,
        "p99": 47.497385597229005,
        "max": 47.68463897705078,
        "stdev": 0.1545684538960077
      },
      "latency_ms_by_case": {
        "case_0": {
          "min": 46.84553527832031,
          "p50": 46.94678497314453,
          "mean": 46.95705020961477,
          "p90": 47.030541229248044,
          "p95": 47.08519668579101,
          "p99": 47.16478820800781,
          "max": 47.18489456176758,
          "stdev": 0.06730858655335306
        },
        "case_1": {
          "min": 46.87936019897461,
          "p50": 47.169952392578125,
          "mean": 47.16052069592832,
          "p90": 47.30431976318359,
          "p95": 47.347504425048825,
          "p99": 47.39762229919434,
          "max": 47.43046569824219,
          "stdev": 0.10901157455616219
        },
        "case_2": {
          "min": 46.918174743652344,
          "p50": 47.24435043334961,
          "mean": 47.220518401174836,
          "p90": 47.314064025878906,
          "p95": 47.38350486755371,
          "p99": 47.59646854400635,
          "max": 47.68463897705078,
          "stdev": 0.13170323882782023
        }
      },
      "cuda_peak_allocated_bytes": 8022662656
    }
  }
}
