{
  "checkpoint": "../models/pi05_base/converted_realtime_vla.pkl",
  "implementations": [
    "flash"
  ],
  "num_views": 3,
  "chunk_size": 50,
  "num_cases": 3,
  "cases": [
    {
      "name": "case_0",
      "prompt": "pick up the object",
      "state_dim": 32,
      "state_min": 0,
      "state_max": 31,
      "prompt_len": 101,
      "image_shape": [
        3,
        224,
        224,
        3
      ],
      "noise_shape": [
        50,
        32
      ]
    },
    {
      "name": "case_1",
      "prompt": "pick up the object; keep the wrist cameras aligned with the object",
      "state_dim": 32,
      "state_min": 17,
      "state_max": 48,
      "prompt_len": 120,
      "image_shape": [
        3,
        224,
        224,
        3
      ],
      "noise_shape": [
        50,
        32
      ]
    },
    {
      "name": "case_2",
      "prompt": "move the red block to the left side of the tray and return to neutral",
      "state_dim": 32,
      "state_min": 34,
      "state_max": 65,
      "prompt_len": 122,
      "image_shape": [
        3,
        224,
        224,
        3
      ],
      "noise_shape": [
        50,
        32
      ]
    }
  ],
  "max_prompt_len": 122,
  "warmup": 20,
  "iterations": 200,
  "discrete_state_input": true,
  "fake_tokenizer": false,
  "tokenizer_path": "../models/tokenizers/google-paligemma-3b-pt-224",
  "cuda_device": "NVIDIA A100-SXM4-80GB",
  "results": {
    "flash": {
      "ok": true,
      "init_ms": 3057.6455078125,
      "output_shape": [
        50,
        32
      ],
      "output_dtype": "torch.bfloat16",
      "output_device": "cuda:0",
      "output_finite": true,
      "output_min": -1.2109375,
      "output_max": 0.427734375,
      "output_mean": -0.40555015206336975,
      "latency_ms": {
        "min": 46.7446403503418,
        "p50": 47.04123115539551,
        "mean": 47.055374717712404,
        "p90": 47.21712036132812,
        "p95": 47.27692470550537,
        "p99": 47.377274131774904,
        "max": 47.89097595214844,
        "stdev": 0.1313298511542584
      },
      "latency_ms_by_case": {
        "case_0": {
          "min": 46.7446403503418,
          "p50": 46.99488067626953,
          "mean": 46.987742979135085,
          "p90": 47.081729125976565,
          "p95": 47.0926025390625,
          "p99": 47.204695281982424,
          "max": 47.33699035644531,
          "stdev": 0.09185077481762038
        },
        "case_1": {
          "min": 46.801856994628906,
          "p50": 47.034881591796875,
          "mean": 47.03429874021616,
          "p90": 47.179602813720706,
          "p95": 47.269338226318354,
          "p99": 47.333423156738284,
          "max": 47.3771858215332,
          "stdev": 0.1152151798131556
        },
        "case_2": {
          "min": 46.95907211303711,
          "p50": 47.13424110412598,
          "mean": 47.14542649009011,
          "p90": 47.24260902404785,
          "p95": 47.3230562210083,
          "p99": 47.56275253295898,
          "max": 47.89097595214844,
          "stdev": 0.13172744343609033
        }
      },
      "cuda_peak_allocated_bytes": 8022662656
    }
  }
}
