{
  "checkpoint": "../models/pi05_base/converted_realtime_vla.pkl",
  "implementations": [
    "base",
    "flash"
  ],
  "num_views": 3,
  "chunk_size": 50,
  "num_cases": 3,
  "cases": [
    {
      "name": "case_0",
      "prompt": "pick up the object",
      "state_dim": 32,
      "state_min": 0,
      "state_max": 31,
      "prompt_len": 101,
      "image_shape": [
        3,
        224,
        224,
        3
      ],
      "noise_shape": [
        50,
        32
      ]
    },
    {
      "name": "case_1",
      "prompt": "pick up the object; keep the wrist cameras aligned with the object",
      "state_dim": 32,
      "state_min": 17,
      "state_max": 48,
      "prompt_len": 120,
      "image_shape": [
        3,
        224,
        224,
        3
      ],
      "noise_shape": [
        50,
        32
      ]
    },
    {
      "name": "case_2",
      "prompt": "move the red block to the left side of the tray and return to neutral",
      "state_dim": 32,
      "state_min": 34,
      "state_max": 65,
      "prompt_len": 122,
      "image_shape": [
        3,
        224,
        224,
        3
      ],
      "noise_shape": [
        50,
        32
      ]
    }
  ],
  "max_prompt_len": 122,
  "warmup": 20,
  "iterations": 200,
  "discrete_state_input": true,
  "fake_tokenizer": false,
  "tokenizer_path": "../models/tokenizers/google-paligemma-3b-pt-224",
  "cuda_device": "NVIDIA A100-SXM4-80GB",
  "results": {
    "base": {
      "ok": true,
      "init_ms": 3350.97021484375,
      "output_shape": [
        50,
        32
      ],
      "output_dtype": "torch.bfloat16",
      "output_device": "cuda:0",
      "output_finite": true,
      "output_min": -1.2109375,
      "output_max": 0.423828125,
      "output_mean": -0.40542951226234436,
      "latency_ms": {
        "min": 47.51740646362305,
        "p50": 47.79836845397949,
        "mean": 47.87533533096313,
        "p90": 48.022164535522464,
        "p95": 48.07308502197265,
        "p99": 48.6056512069702,
        "max": 55.360225677490234,
        "stdev": 0.580297279674758
      },
      "latency_ms_by_case": {
        "case_0": {
          "min": 47.51740646362305,
          "p50": 47.7578239440918,
          "mean": 47.778094676003526,
          "p90": 47.9064697265625,
          "p95": 48.000427627563475,
          "p99": 48.24019332885742,
          "max": 48.276161193847656,
          "stdev": 0.1352974975000461
        },
        "case_1": {
          "min": 47.581825256347656,
          "p50": 47.80419158935547,
          "mean": 47.96533948983719,
          "p90": 48.01580200195312,
          "p95": 48.06160697937012,
          "p99": 50.89106361389162,
          "max": 55.360225677490234,
          "stdev": 0.9328195263142501
        },
        "case_2": {
          "min": 47.609310150146484,
          "p50": 47.8316650390625,
          "mean": 47.88268147092877,
          "p90": 48.044639587402344,
          "p95": 48.08043956756592,
          "p99": 49.0222234725952,
          "max": 50.2770881652832,
          "stdev": 0.3326857569256881
        }
      },
      "cuda_peak_allocated_bytes": 8020887040
    },
    "flash": {
      "ok": true,
      "init_ms": 3535.6005859375,
      "output_shape": [
        50,
        32
      ],
      "output_dtype": "torch.bfloat16",
      "output_device": "cuda:0",
      "output_finite": true,
      "output_min": -1.2109375,
      "output_max": 0.4296875,
      "output_mean": -0.40545526146888733,
      "latency_ms": {
        "min": 48.166046142578125,
        "p50": 48.53865432739258,
        "mean": 48.556901416778565,
        "p90": 48.695478439331055,
        "p95": 48.78813171386719,
        "p99": 49.0587194442749,
        "max": 49.15382385253906,
        "stdev": 0.1372776184593655
      },
      "latency_ms_by_case": {
        "case_0": {
          "min": 48.166046142578125,
          "p50": 48.51478576660156,
          "mean": 48.50647746982859,
          "p90": 48.63559112548828,
          "p95": 48.73580665588379,
          "p99": 48.8879125213623,
          "max": 48.93849563598633,
          "stdev": 0.1303909701690171
        },
        "case_1": {
          "min": 48.263423919677734,
          "p50": 48.56291198730469,
          "mean": 48.57868741163567,
          "p90": 48.679377746582034,
          "p95": 48.74444236755371,
          "p99": 49.09101226806641,
          "max": 49.15382385253906,
          "stdev": 0.1324181619180086
        },
        "case_2": {
          "min": 48.25468826293945,
          "p50": 48.57054328918457,
          "mean": 48.58597327723648,
          "p90": 48.77444648742676,
          "p95": 48.80776786804199,
          "p99": 48.97950668334961,
          "max": 49.065120697021484,
          "stdev": 0.1365987352259383
        }
      },
      "cuda_peak_allocated_bytes": 8020888064
    }
  }
}
