{
  "checkpoint": "../models/pi05_base/converted_realtime_vla.pkl",
  "implementations": [
    "base",
    "sdpa",
    "flash"
  ],
  "num_views": 3,
  "chunk_size": 50,
  "num_cases": 3,
  "cases": [
    {
      "name": "case_0",
      "prompt": "pick up the object",
      "state_dim": 32,
      "state_min": 0,
      "state_max": 31,
      "prompt_len": 101,
      "image_shape": [
        3,
        224,
        224,
        3
      ],
      "noise_shape": [
        50,
        32
      ]
    },
    {
      "name": "case_1",
      "prompt": "pick up the object; keep the wrist cameras aligned with the object",
      "state_dim": 32,
      "state_min": 17,
      "state_max": 48,
      "prompt_len": 120,
      "image_shape": [
        3,
        224,
        224,
        3
      ],
      "noise_shape": [
        50,
        32
      ]
    },
    {
      "name": "case_2",
      "prompt": "move the red block to the left side of the tray and return to neutral",
      "state_dim": 32,
      "state_min": 34,
      "state_max": 65,
      "prompt_len": 122,
      "image_shape": [
        3,
        224,
        224,
        3
      ],
      "noise_shape": [
        50,
        32
      ]
    }
  ],
  "max_prompt_len": 122,
  "warmup": 20,
  "iterations": 200,
  "discrete_state_input": true,
  "fake_tokenizer": false,
  "tokenizer_path": "../models/tokenizers/google-paligemma-3b-pt-224",
  "cuda_device": "NVIDIA A100-SXM4-80GB",
  "results": {
    "base": {
      "ok": true,
      "init_ms": 3224.448486328125,
      "output_shape": [
        50,
        32
      ],
      "output_dtype": "torch.bfloat16",
      "output_device": "cuda:0",
      "output_finite": true,
      "output_min": -1.2109375,
      "output_max": 0.423828125,
      "output_mean": -0.40542951226234436,
      "latency_ms": {
        "min": 47.451839447021484,
        "p50": 47.78385543823242,
        "mean": 47.85746694564819,
        "p90": 47.983466720581056,
        "p95": 48.17335300445557,
        "p99": 50.545267028808595,
        "max": 50.77686309814453,
        "stdev": 0.4159530343887173
      },
      "latency_ms_by_case": {
        "case_0": {
          "min": 47.451839447021484,
          "p50": 47.71731185913086,
          "mean": 47.791045914835,
          "p90": 47.93333282470703,
          "p95": 48.040073013305665,
          "p99": 49.072994003295904,
          "max": 50.62966537475586,
          "stdev": 0.3814469890082769
        },
        "case_1": {
          "min": 47.54604721069336,
          "p50": 47.81942367553711,
          "mean": 47.92710204622639,
          "p90": 48.11846923828125,
          "p95": 48.26658515930176,
          "p99": 50.402066268920905,
          "max": 50.54441452026367,
          "stdev": 0.47146311810760566
        },
        "case_2": {
          "min": 47.620094299316406,
          "p50": 47.80337715148926,
          "mean": 47.854204177856445,
          "p90": 47.96326446533203,
          "p95": 47.99044132232666,
          "p99": 49.110055351257316,
          "max": 50.77686309814453,
          "stdev": 0.38301957959576016
        }
      },
      "cuda_peak_allocated_bytes": 8020887040
    },
    "sdpa": {
      "ok": true,
      "init_ms": 3905.72119140625,
      "output_shape": [
        50,
        32
      ],
      "output_dtype": "torch.bfloat16",
      "output_device": "cuda:0",
      "output_finite": true,
      "output_min": -1.2109375,
      "output_max": 0.421875,
      "output_mean": -0.40614402294158936,
      "latency_ms": {
        "min": 111.44847869873047,
        "p50": 111.54118347167969,
        "mean": 111.58799690246582,
        "p90": 111.78777084350587,
        "p95": 111.84775619506836,
        "p99": 112.1298853302002,
        "max": 112.2838363647461,
        "stdev": 0.13950888829087724
      },
      "latency_ms_by_case": {
        "case_0": {
          "min": 111.44847869873047,
          "p50": 111.5066909790039,
          "mean": 111.54877096147679,
          "p90": 111.72771606445312,
          "p95": 111.75287322998047,
          "p99": 111.91352615356446,
          "max": 112.10489654541016,
          "stdev": 0.11101309358565985
        },
        "case_1": {
          "min": 111.50396728515625,
          "p50": 111.58029174804688,
          "mean": 111.64203461604332,
          "p90": 111.85433044433593,
          "p95": 111.97483673095704,
          "p99": 112.17100692749023,
          "max": 112.25325012207031,
          "stdev": 0.15084050643321806
        },
        "case_2": {
          "min": 111.45401763916016,
          "p50": 111.5285758972168,
          "mean": 111.57296070908055,
          "p90": 111.74483489990234,
          "p95": 111.82125282287598,
          "p99": 112.13299522399902,
          "max": 112.2838363647461,
          "stdev": 0.1383617784496111
        }
      },
      "cuda_peak_allocated_bytes": 8122045440
    },
    "flash": {
      "ok": true,
      "init_ms": 3693.3935546875,
      "output_shape": [
        50,
        32
      ],
      "output_dtype": "torch.bfloat16",
      "output_device": "cuda:0",
      "output_finite": true,
      "output_min": -1.2109375,
      "output_max": 0.4296875,
      "output_mean": -0.40545526146888733,
      "latency_ms": {
        "min": 48.227294921875,
        "p50": 48.54500961303711,
        "mean": 48.582882728576664,
        "p90": 48.78159599304199,
        "p95": 48.839535522460935,
        "p99": 49.30920593261719,
        "max": 51.25961685180664,
        "stdev": 0.24967213546338324
      },
      "latency_ms_by_case": {
        "case_0": {
          "min": 48.24448013305664,
          "p50": 48.47052764892578,
          "mean": 48.50467858385684,
          "p90": 48.71526412963867,
          "p95": 48.785986709594724,
          "p99": 48.942400512695315,
          "max": 49.00457763671875,
          "stdev": 0.1488896844928238
        },
        "case_1": {
          "min": 48.227294921875,
          "p50": 48.588321685791016,
          "mean": 48.643241825388436,
          "p90": 48.78691940307617,
          "p95": 48.888488388061525,
          "p99": 49.97171752929688,
          "max": 51.25961685180664,
          "stdev": 0.3601691933383777
        },
        "case_2": {
          "min": 48.35475158691406,
          "p50": 48.55913543701172,
          "mean": 48.60099815599846,
          "p90": 48.802398681640625,
          "p95": 48.86213684082031,
          "p99": 49.08682651519775,
          "max": 49.40342330932617,
          "stdev": 0.16194207747840816
        }
      },
      "cuda_peak_allocated_bytes": 8038459904
    }
  }
}
