{
  "checkpoint": "../models/pi05_base/converted_realtime_vla.pkl",
  "implementations": [
    "torch"
  ],
  "num_views": 3,
  "chunk_size": 50,
  "num_cases": 1,
  "cases": [
    {
      "name": "case_0",
      "prompt": "pick up the object",
      "state_dim": 32,
      "state_min": 0,
      "state_max": 31,
      "prompt_len": 101,
      "image_shape": [
        3,
        224,
        224,
        3
      ],
      "noise_shape": [
        50,
        32
      ]
    }
  ],
  "max_prompt_len": 101,
  "warmup": 3,
  "iterations": 5,
  "discrete_state_input": true,
  "fake_tokenizer": false,
  "tokenizer_path": "../models/tokenizers/google-paligemma-3b-pt-224",
  "cuda_device": "NVIDIA A100-SXM4-80GB",
  "results": {
    "torch": {
      "ok": true,
      "init_ms": 4224.85107421875,
      "output_shape": [
        50,
        32
      ],
      "output_dtype": "torch.bfloat16",
      "output_device": "cuda:0",
      "output_finite": true,
      "output_min": -1.328125,
      "output_max": 0.5703125,
      "output_mean": -0.44353172183036804,
      "latency_ms": {
        "min": 240.86093139648438,
        "p50": 245.5818634033203,
        "mean": 246.7590301513672,
        "p90": 252.59092712402344,
        "p95": 252.87098693847656,
        "p99": 253.09503479003905,
        "max": 253.1510467529297,
        "stdev": 5.488882229558493
      },
      "latency_ms_by_case": {
        "case_0": {
          "min": 240.86093139648438,
          "p50": 245.5818634033203,
          "mean": 246.7590301513672,
          "p90": 252.59092712402344,
          "p95": 252.87098693847656,
          "p99": 253.09503479003905,
          "max": 253.1510467529297,
          "stdev": 5.488882229558493
        }
      },
      "cuda_peak_allocated_bytes": 8023031296
    }
  }
}
