{
  "checkpoint": "../models/pi05_base/converted_realtime_vla.pkl",
  "num_views": 3,
  "chunk_size": 50,
  "warmup": 20,
  "iterations": 200,
  "discrete_state_input": true,
  "fake_tokenizer": true,
  "tokenizer_path": null,
  "cuda_device": "NVIDIA A100-SXM4-80GB",
  "output_shape": [
    50,
    32
  ],
  "output_dtype": "torch.bfloat16",
  "output_device": "cuda:0",
  "output_finite": true,
  "output_min": -0.412109375,
  "output_max": 0.67578125,
  "output_mean": 0.021796347573399544,
  "latency_ms": {
    "min": 50.202880859375,
    "p50": 50.5143985748291,
    "mean": 50.525286750793455,
    "p90": 50.75565185546875,
    "p95": 50.82903347015381,
    "p99": 50.90859832763672,
    "max": 50.91900634765625,
    "stdev": 0.17273264447583356
  }
}
