{
  "checkpoint": "../models/pi05_base/converted_realtime_vla.pkl",
  "implementations": [
    "base",
    "autotune",
    "torch"
  ],
  "num_views": 3,
  "chunk_size": 50,
  "num_cases": 3,
  "cases": [
    {
      "name": "case_0",
      "prompt": "pick up the object",
      "state_dim": 32,
      "state_min": 0,
      "state_max": 31,
      "prompt_len": 101,
      "image_shape": [
        3,
        224,
        224,
        3
      ],
      "noise_shape": [
        50,
        32
      ]
    },
    {
      "name": "case_1",
      "prompt": "pick up the object; keep the wrist cameras aligned with the object",
      "state_dim": 32,
      "state_min": 17,
      "state_max": 48,
      "prompt_len": 120,
      "image_shape": [
        3,
        224,
        224,
        3
      ],
      "noise_shape": [
        50,
        32
      ]
    },
    {
      "name": "case_2",
      "prompt": "move the red block to the left side of the tray and return to neutral",
      "state_dim": 32,
      "state_min": 34,
      "state_max": 65,
      "prompt_len": 122,
      "image_shape": [
        3,
        224,
        224,
        3
      ],
      "noise_shape": [
        50,
        32
      ]
    }
  ],
  "max_prompt_len": 122,
  "warmup": 20,
  "iterations": 200,
  "discrete_state_input": true,
  "fake_tokenizer": false,
  "tokenizer_path": "../models/tokenizers/google-paligemma-3b-pt-224",
  "cuda_device": "NVIDIA A100-SXM4-80GB",
  "results": {
    "base": {
      "ok": true,
      "init_ms": 3032.866455078125,
      "output_shape": [
        50,
        32
      ],
      "output_dtype": "torch.bfloat16",
      "output_device": "cuda:0",
      "output_finite": true,
      "output_min": -1.2109375,
      "output_max": 0.423828125,
      "output_mean": -0.40542951226234436,
      "latency_ms": {
        "min": 47.398048400878906,
        "p50": 47.775407791137695,
        "mean": 47.87443176269531,
        "p90": 47.9880672454834,
        "p95": 48.11430263519287,
        "p99": 48.300917129516584,
        "max": 60.64064025878906,
        "stdev": 0.9324597219512771
      },
      "latency_ms_by_case": {
        "case_0": {
          "min": 47.398048400878906,
          "p50": 47.7006721496582,
          "mean": 47.736005697677385,
          "p90": 47.96677780151367,
          "p95": 48.02191581726074,
          "p99": 48.21455947875977,
          "max": 48.21977615356445,
          "stdev": 0.16071964201346794
        },
        "case_1": {
          "min": 47.586814880371094,
          "p50": 47.82863998413086,
          "mean": 48.05616965222715,
          "p90": 48.01886672973633,
          "p95": 48.21159744262695,
          "p99": 53.5725997924805,
          "max": 60.64064025878906,
          "stdev": 1.5878760783862829
        },
        "case_2": {
          "min": 47.6209602355957,
          "p50": 47.80227279663086,
          "mean": 47.83046369841605,
          "p90": 48.000831604003906,
          "p95": 48.102752685546875,
          "p99": 48.23390350341797,
          "max": 48.284446716308594,
          "stdev": 0.14079082162366338
        }
      },
      "cuda_peak_allocated_bytes": 8020887040
    },
    "autotune": {
      "ok": true,
      "init_ms": 31823.869140625,
      "output_shape": [
        50,
        32
      ],
      "output_dtype": "torch.bfloat16",
      "output_device": "cuda:0",
      "output_finite": true,
      "output_min": -1.2109375,
      "output_max": 0.423828125,
      "output_mean": -0.40542951226234436,
      "latency_ms": {
        "min": 42.805152893066406,
        "p50": 43.351247787475586,
        "mean": 43.340963478088376,
        "p90": 43.7547348022461,
        "p95": 43.81661415100098,
        "p99": 43.99326568603515,
        "max": 44.05788803100586,
        "stdev": 0.31157863341122993
      },
      "latency_ms_by_case": {
        "case_0": {
          "min": 42.80854415893555,
          "p50": 43.275360107421875,
          "mean": 43.297948581069264,
          "p90": 43.68061447143555,
          "p95": 43.789622116088864,
          "p99": 43.84956825256348,
          "max": 43.90038299560547,
          "stdev": 0.3003964265205322
        },
        "case_1": {
          "min": 42.92915344238281,
          "p50": 43.35036849975586,
          "mean": 43.3550213486401,
          "p90": 43.76216812133789,
          "p95": 43.78804321289063,
          "p99": 43.91995895385742,
          "max": 43.99299240112305,
          "stdev": 0.30660291756659835
        },
        "case_2": {
          "min": 42.805152893066406,
          "p50": 43.390302658081055,
          "mean": 43.37035924738104,
          "p90": 43.76473617553711,
          "p95": 43.91720104217529,
          "p99": 44.03346939086914,
          "max": 44.05788803100586,
          "stdev": 0.3273404445349265
        }
      },
      "cuda_peak_allocated_bytes": 8288996352
    },
    "torch": {
      "ok": true,
      "init_ms": 3616.843994140625,
      "output_shape": [
        50,
        32
      ],
      "output_dtype": "torch.bfloat16",
      "output_device": "cuda:0",
      "output_finite": true,
      "output_min": -1.2109375,
      "output_max": 0.421875,
      "output_mean": -0.40505996346473694,
      "latency_ms": {
        "min": 231.18797302246094,
        "p50": 237.40541076660156,
        "mean": 239.10757736206054,
        "p90": 245.10540771484375,
        "p95": 250.25264739990237,
        "p99": 271.69535125732415,
        "max": 276.8292541503906,
        "stdev": 6.66310887225144
      },
      "latency_ms_by_case": {
        "case_0": {
          "min": 233.1385955810547,
          "p50": 237.43930053710938,
          "mean": 239.38576883344507,
          "p90": 245.85931091308595,
          "p95": 249.97516632080078,
          "p99": 264.6846539306641,
          "max": 275.0316162109375,
          "stdev": 6.731268781458739
        },
        "case_1": {
          "min": 232.27719116210938,
          "p50": 237.97048950195312,
          "mean": 239.51974168464318,
          "p90": 244.0491180419922,
          "p95": 250.66280670166017,
          "p99": 266.73061767578133,
          "max": 276.8292541503906,
          "stdev": 6.942229992188166
        },
        "case_2": {
          "min": 231.18797302246094,
          "p50": 236.5805892944336,
          "mean": 238.40676163182115,
          "p90": 243.8289794921875,
          "p95": 249.93577194213867,
          "p99": 262.3531906127929,
          "max": 271.6616516113281,
          "stdev": 6.342439504195642
        }
      },
      "cuda_peak_allocated_bytes": 8025435136
    }
  }
}
